path,sha256
/srv/local/shengenli/torch_tm_flowpipe/outputs/flowstar_benchmark_parity/original_flowstar/vanderpol.cpp,aab94a62ce2b7440769543b5caa882cc5baef64f00d4726b305348ff5311a40d
/srv/local/shengenli/torch_tm_flowpipe/outputs/flowstar_benchmark_parity/original_flowstar/Makefile,517ae3c2132189e034b65de9231de4300826dd78c3d7745677ba5d86fbe66af5
/srv/local/shengenli/torch_tm_flowpipe/outputs/flowstar_benchmark_parity/original_flowstar/README.md,5f2fa4ad3ae974b964a2d8fc4314f2cb144cdf04dfa5cbfa7d2e9f1bcee0299c
/srv/local/shengenli/torch_tm_flowpipe/outputs/flowstar_benchmark_parity/original_flowstar/vanderpol_t_x.plt,63facf7f12f58c0e034942e7d568bba2bea62cf37f2027332b9a1fd61f6c4bd4
/srv/local/shengenli/torch_tm_flowpipe/outputs/flowstar_benchmark_parity/original_flowstar/vanderpol_t_y.plt,c734e3427ccea50d4c373ce69df7e887046d01732a839519ae0f6550522d6533
/srv/local/shengenli/torch_tm_flowpipe/outputs/flowstar_benchmark_parity/original_flowstar/vanderpol_t_x.eps,c64700d0296b33941ab28d8b896e3749a81c7c2cdd58ab942238b81cd4db0dbe
/srv/local/shengenli/torch_tm_flowpipe/outputs/flowstar_benchmark_parity/original_flowstar/vanderpol_t_y.eps,d3fa5b77d1f5ed29d1b2c036efabcdd2265004a0d18d88ed976c0f8445367bec
/srv/local/shengenli/torch_tm_flowpipe/outputs/flowstar_benchmark_parity/original_flowstar/original_vanderpol_t_x.png,623880a5d579192247f5eb7115ae40567e4b0ff4c02696628e1fbace5089bd9b
/srv/local/shengenli/torch_tm_flowpipe/outputs/flowstar_benchmark_parity/original_flowstar/original_vanderpol_t_y.png,e2a60f677a54f6dcb7a120de8e2113ac25e0f35fc913ff10f8b314cd447ea562
